industry,invoice_record_count,invoice_customer_count,invoice_amount_median,invoice_payment_delay_median_days,invoice_late_payment_rate,invoice_severe_late_rate_90dpd,invoice_top_customer_concentration_pct,invoice_dilution_proxy_rate,invoice_benchmark_source
Construction - Trade Services,288.0,24.0,6007141.666666667,51.25856908281855,0.3647922615889277,0.03086750528049023,0.25359816335020063,0.011589840980943516,Financial Statement Analysis public company proxy receivables benchmarks
Health Care and Social Assistance,324.0,27.0,23815920.987654325,26.889750481263285,0.23520219907061515,0.011453674099232565,0.21933209444832194,0.01188255434065893,Financial Statement Analysis public company proxy receivables benchmarks
Retail Trade,552.0,46.0,13902028.985507248,0.0,0.08160784965864062,0.010401962414660156,0.13005828959025312,0.01912055377173596,Financial Statement Analysis public company proxy receivables benchmarks
"Transport, Postal and Warehousing",288.0,24.0,9253888.88888889,25.66923815813172,0.25604041882721973,0.018358385042733114,0.24494461659525854,0.012406195593444198,Financial Statement Analysis public company proxy receivables benchmarks
Wholesale Trade,408.0,34.0,33966666.666666664,3.5859839519713645,0.10970994586205078,0.010931243079477885,0.1789348089512891,0.02245604110142585,Financial Statement Analysis public company proxy receivables benchmarks
